t [s],Q [rad],W [rad/s],A [rad/s^2],P_dot [m/s],P_ddot [m/s^2]
-2.1337098754514727e-16,"-0.1635063064333316,1.1441475007355035","-0.030232885523776145,0.06202426411015498","-0.748872160176959,1.5361564130596337","0.004860987164719249,0.016619703126870902","-0.3349847844593692,-0.2684246863431737"
0.009999999999999573,"-0.16440471024866485,1.1459901721724566","-0.04492019076666131,0.09213357184765386","-0.7343652621442583,1.5054653868749444","0.007180413366824384,0.024737658682459335","-0.32897921739814795,-0.2640275214682268"
0.01999999999999936,"-0.16559083737271407,1.1484220979761905","-0.05930635620246106,0.12159629018669477","-0.7193082717899874,1.4731359169520453","0.009408064302846712,0.03273552482956609","-0.3227917803412685,-0.2597403385142573"
0.029999999999999145,"-0.1670584693975013,1.151429755541856","-0.07338160123936227,0.1503828782832661","-0.7037622518450608,1.4393294048285665","0.011531752253597743,0.040618576315307714","-0.3164380214554012,-0.25555939100034264"
0.03999999999999893,"-0.1688012180012304,1.154999098706853","-0.08713743018645502,0.17846715824985554","-0.687791447354637,1.4042139983294726","0.013540167926138021,0.04839157909053794","-0.3099344562475046,-0.25148138119682506"
0.04999999999999872,"-0.1708125515052782,1.1591156267224567","-0.10056667520238873,0.20582640078018488","-0.6714622507966856,1.3679621265164663","0.015422869924197849,0.05605877885989362","-0.30329834823844104,-0.247503415810278"
0.059999999999998506,"-0.1730858218881882,1.1637644539779788","-0.11366351914550095,0.2324413627760996","-0.6548421971556113,1.3307480997957368","0.01717027212407007,0.06362389632237303","-0.29654748891120625,-0.24362295963997865"
0.0699999999999983,"-0.17561429187538874,1.1689303795654493","-0.12642349936002725,0.2582962793735266","-0.6379990107263146,1.2927458298713506","0.01877362904071234,0.07109012858702789","-0.28969998176956124,-0.23983778837535175"
0.07999999999999809,"-0.17839116175140776,1.174597955839222","-0.13884349380095104,0.2833788136886447","-0.6209997220461897,1.2541267157559037","0.02022501928551411,0.07846015620263246","-0.28277403488021513,-0.23614594164916267"
0.08999999999999787,"-0.1814095955752549,1.1807515552060355","-0.1509216911923573,0.3076799683406624","-0.6039098695703127,1.2150577326008865","0.02151732723396715,0.08573615521008839","-0.27578776569496805,-0.23254567736458523"
0.09999999999999766,"-0.184662746517795,1.1873754344729326","-0.1626575471270036,0.33119396334485945","-0.5867927967323151,1.1756997502098505","0.02264422303722806,0.09291981361095553","-0.2687590212854444,-0.2290354281816867"
0.10999999999999745,"-0.18814378108077093,1.1944537961791521","-0.1740517281487969,0.35391808531097996","-0.5697090510896657,1.1362060983060274","0.02360014112523444,0.10001235164372718","-0.26170521642092415,-0.2256137608891721"
0.11999999999999723,"-0.19184590199915624,1.2019708464398828","-0.18510604591926638,0.37585251303653866","-0.5527158885234731,1.0967213862779344","0.02438025736065131,0.10701454526937598","-0.25464319117689826,-0.22227933923821044"
0.129999999999997,"-0.19576236967037472,1.209910848931323","-0.19582338356092374,0.3970001245720106","-0.5358668820828693,1.0573805767735969","0.024980465011202616,0.11392675228798317","-0.2475890890792566,-0.21903089063513245"
0.1399999999999968,"-0.19988652199445225,1.2182581747448546","-0.20620761620387643,0.41736629067657577","-0.5192116321476341,1.0183083052282567","0.02539734971324962,0.12074894053679","-0.24055825612965034,-0.21586717693602556"
0.14999999999999658,"-0.20421179254740407,1.2269973479309706","-0.21626352764759038,0.4369586593057937","-0.5027955721856969,0.9796184314608973","0.025628163601478515,0.1274807176551163","-0.2335651604828016,-0.212786969435007"
0.15999999999999637,"-0.208731727045366,1.2361130866390189","-0.22599672489809633,0.4557869354024187","-0.4866598625252971,0.9414138048312523","0.025670798778632962,0.13412136194130544","-0.226623332040788,-0.2097890280102479"
0.16999999999999615,"-0.2134399980886281,1.245590339835552","-0.23541355216310525,0.4738626598266507","-0.47084136325044706,0.903786221211599","0.025523760295272143,0.14066985386989678","-0.21974532083843865,-0.20687208427624557"
0.17999999999999594,"-0.21833041820249413,1.2554143196512693","-0.2445210056933025,0.49119899078587","-0.4553726765098629,0.8668165479609632","0.02518613880326623,0.14712490788178226","-0.2129426727729141,-0.2040348285052167"
0.18999999999999573,"-0.22339695121562708,1.2655705294638606","-0.2533266506566475,0.5078104906295636","-0.44028224816724837,0.83057499218468","0.024657583038354695,0.1534850041051405","-0.20622592101443843,-0.20127590001213747"
0.19999999999999551,"-0.2286337220362563,1.276044787871497","-0.2618385410314592,0.5237129203818257","-0.4255945187405872,0.795121487613109","0.023938272276963893,0.15974841970938994","-0.19960459130414876,-0.19859388064820843"
0.2099999999999953,"-0.23403502490245193,1.2868232487496232","-0.27006514330978293,0.5389230439063033","-0.41133011391618585,0.7605061762238775","0.02302888890138496,0.16591325963727133","-0.19308721927439845,-0.19598729102782347"
0.2199999999999951,"-0.23959533019484558,1.2978924176126203","-0.27801526461968273,0.5534584431498514","-0.3975060654949897,0.7267699621774055","0.021930591195251033,0.17197748650097625","-0.18668137794008435,-0.19345458909302382"
0.22999999999999488,"-0.24530928990899512,1.3092391645226062","-0.2856979857074761,0.5673373454993057","-0.38413605438966797,0.6939451174727129","0.02064498647890539,0.17793894946638092","-0.18039371355768863,-0.19099417063165974"
0.23999999999999466,"-0.25117174189040614,1.3208507338009439","-0.2931225990705518,0.5805784639168742","-0.3712306681537875,0.6620559208784246","0.019174104681675984,0.18379541198467236","-0.1742299881502688,-0.18860437137360717"
0.24999999999999445,"-0.2571777129383985,1.3327147508048665","-0.30029855239961684,0.5932008501961281","-0.35879766645325006,0.6311193139626998","0.017520372435809766,0.18954457826268686","-0.16819512711715184,-0.18628347031590817"
0.25999999999999424,"-0.2633224208859248,1.344819226032942","-0.30723539737631517,0.6052237614037728","-0.3468422488349172,0.601145560382228","0.015686587764918745,0.19518411839215988","-0.16229327049778242,-0.184029693954485"
0.269999999999994,"-0.2696012757614798,1.3571525568197627","-0.31394274377775094,0.6166665393410444","-0.3353673200717871,0.5721388968635849","0.013675895428496879,0.20071169208376946","-0.15652782661666842,-0.18184122113288873"
0.2799999999999938,"-0.2760098801367296,1.3697035268731632","-0.3204302187624906,0.6275485026700215","-0.32437374923698353,0.5440981664488562","0.011491762973568544,0.2061249709743374","-0.15090152699238896,-0.1797161882526966"
0.2899999999999936,"-0.28254402875977125,1.382461303897205","-0.3267074311520817,0.6378888512020853","-0.31386061947955246,0.5170174266031854","0.0091379575347738,0.2114216594952291","-0.14541648156297615,-0.17765269462549485"
0.2999999999999934,"-0.289199707569293,1.3954154355318649","-0.3327839404760862,0.647706581733005","-0.30382546620022816,0.49088652654598863","0.006618523415427387,0.216599514306697","-0.14007423342238945,-0.1756488077797946"
0.30999999999999317,"-0.2959730921796076,1.408555843826446","-0.33866923051573045,0.6570204147290589","-0.2942645019822124,0.4656916498026968","0.0039377604740218385,0.2216563623172331","-0.13487581242078384,-0.17370256856522387"
0.31999999999999296,"-0.3028605459207986,1.421872818448754","-0.34437268705955043,0.6658487311153853","-0.2851728271909996,0.44141581931632085","0.0011002033336435307,0.22659011731878448","-0.12982178710165324,-0.17181199592825402"
0.32999999999999274,"-0.30985861751224775,1.4353570088165186","-0.34990357957245743,0.6742095183882347","-0.2765446256453501,0.4180393636424663","-0.001889398574342527,0.23139879527844537","-0.12491231457169878,-0.1699750912632797"
0.33999999999999253,"-0.31696403844175697,1.4489994153217836","-0.35527104647546176,0.6821203252632541","-0.2683733451502155,0.39554034375096503","-0.00502610012663186,0.23608052833511603","-0.1201471880168203,-0.16818984225288966"
0.3499999999999923,"-0.32417372011647366,1.4627913798033259","-0.36048408373583485,0.6895982240771079","-0.2606518630186544,0.37389494069269286","-0.008304778782972292,0.2406335775556728","-0.11552588164849163,-0.16645422614790104"
0.3599999999999921,"-0.33148475084597734,1.4767245754068974","-0.36555153647518307,0.6966597801785769","-0.2533726369674093,0.35307780507345216","-0.011720152022501922,0.24505634450996472","-0.11104759296528012,-0.1647662124428076"
0.3699999999999919,"-0.3388943927122665,1.4907909959583572","-0.37048209331445936,0.7033210275729922","-0.24652784196381505,0.33306236972076536","-0.015266793947384148,0.24934738172727347","-0.10671128226980583,-0.16312376491664715"
0.3799999999999917,"-0.34640007837606024,1.50498294496073","-0.37528428318968526,0.7095974501186371","-0.24010949376129523,0.3138211272822436","-0.018939151062195167,0.25350540209915756","-0.10251570943525955,-0.1615248430275434"
0.38999999999999146,"-0.353999407863838,1.5192930243130052","-0.37996647438888664,0.7155039676137667","-0.2341095599600709,0.29532587475648175","-0.022731557239708503,0.2575292872949874","-0.0984594679685057,-0.15996740265004353"
0.39999999999999125,"-0.36169014537541383,1.5337141228361224","-0.3845368755787922,0.7210549261558544","-0.2285200594952769,0.27754792710438675","-0.026638247885402453,0.2614180952570246","-0.09454101645102618,-0.15844939614946918"
0.40999999999999104,"-0.3694702161475894,1.548239404680098","-0.3890035386087787,0.7262640921987847","-0.22333315149932492,0.2604583021465123","-0.030653373314029047,0.2651710668417771","-0.09075870745829762,-0.15696877179921082"
0.4199999999999908,"-0.37733770340556455,1.5628622976756696","-0.3933743628987586,0.7311446497785806","-0.21854121449899605,0.24402787898979678","-0.034771011352347794,0.2687876316737791","-0.08711081408656692,-0.15552347254546758"
0.4299999999999906,"-0.38529084543029507,1.5775764816841211","-0.3976571012365259,0.735709200422577","-0.21413691688836628,0.22822753219981878","-0.038985179182740234,0.2722674132768281","-0.083595554234066,-0.15411143411442543"
0.4399999999999904,"-0.3933280327668739,1.5923758769901126","-0.40185936682893963,0.7399697652995717","-0.2101132796206849,0.2130282438497352","-0.04328984444229484,0.2756102335463725","-0.0802111127836429,-0.15273058247463842"
0.4499999999999902,"-0.40144780559625726,1.6072546327742998","-0.40598864146916924,0.7439377892093645","-0.20646373201148022,0.198401195489638","-0.04767893559183969,0.2788161166250195","-0.07695566184511257,-0.15137883065025023"
0.45999999999999,"-0.409648851290247,1.6222071156952753","-0.4100522846994866,0.7476241460487707","-0.20318216151586863,0.18431784197031362","-0.052146351568928176,0.28188529224130093","-0.07382737921809712,-0.15005407488404046"
0.46999999999998976,"-0.4179300021675546,1.6372278986038247","-0.4140575438653802,0.7510391454274727","-0.20026295829467808,0.1707499689350973","-0.05668597073817665,0.2848181985698552","-0.07082446523897268,-0.14875419014163357"
0.47999999999998955,"-0.42629023346699757,1.652311749406625","-0.41801156497214864,0.7541925401400194","-0.1977010553384222,0.15766973562733555","-0.0612916591512605,0.2876154846690315","-0.06794515816121251,-0.14747702494892892"
0.48999999999998933,"-0.43472866155238876,1.6674536200912502","-0.42192140426956004,0.7570935342312546","-0.1954919648705713,0.14504970456176106","-0.06595727812785049,0.29027801254985364","-0.06518774822888128,-0.1462203955444372"
0.4999999999999891,"-0.4432445423624581,1.682648635919658","-0.425794040503466,0.7597507914203904","-0.19363181169529575,0.13286285945678725","-0.07067669116754306,0.2928068589280739","-0.06255059059408494,-0.1449820793188695"
0.5099999999999889,"-0.45183727011817554,1.6978920847931296","-0.4296363877858717,0.7621724436735738","-0.1921173641202879,0.12108261265917272","-0.07544377020102477,0.29520331670889","-0.060032117210519945,-0.14375980751993678"
0.5199999999999887,"-0.4605063762991033,1.7131794067878883","-0.4334553090463897,0.7643660997379358","-0.1909460630258983,0.10968280321809777","-0.08025240118730072,0.2974688962518027","-0.0576308478520607,-0.1425512571761136"
0.5299999999999885,"-0.4692515288998768,1.7285061838572817","-0.43725763003867585,0.7663388534696781","-0.19011604961430748,0.09863768658711636","-0.08509648906172369,0.2996053264609393","-0.055345400378062924,-0.1413540421960553"
0.5399999999999883,"-0.4780725319775836,1.7438681296934124","-0.44105015388533747,0.7680972918065289","-0.18962619233308037,0.08792191684253746","-0.08996996203748146,0.3016145557441685","-0.053174500371255,-0.140165703588602"
0.549999999999988,"-0.4869693255006593,1.7592610797384174","-0.4448396761537874,0.7696475022502464","-0.18947611342249615,0.07751052218587691","-0.09486677526089507,0.30349875288229494","-0.05111699026485054,-0.13898369873553978"
0.5599999999999878,"-0.49594198550993623,1.7746809813331779","-0.4486330004638448,0.7709950797380242","-0.18966621550287222,0.0673788743888892","-0.09978091381829124,0.30526030784765507","-0.04917183806694749,-0.137805389641131"
0.5699999999999876,"-0.5049907246026478,1.7901238839890397","-0.4524369546355806,0.7721451327930942","-0.190197708586788,0.05750265275349979","-0.10470639508944116,0.3069018326095622","-0.04733814578797252,-0.13662803007108204"
0.5799999999999874,"-0.5141158927505033,1.8055859297661287","-0.45625840739277196,0.7731022888544503","-0.19107263785957013,0.04785780306780877","-0.10963727043960944,0.30842616196210804","-0.045615157671268614,-0.13544875147502086"
0.5899999999999872,"-0.5233179784633804,1.8210633437399864","-0.46010428564385586,0.7738706986928808","-0.19229391255419295,0.03842049192152421","-0.11456762623862604,0.30983635440795537","-0.044002268306370385,-0.13426454758467238"
0.599999999999987,"-0.5325976103107385,1.8365524245365417","-0.46398159236790415,0.7744540398277645","-0.19386533620241472,0.029167056744183642","-0.11949158419218579,0.31113569312990125","-0.04249903072907187,-0.13307225754677068"
0.6099999999999868,"-0.5419555588135088,1.8520495349138046","-0.4678974251385138,0.7748555188631554","-0.19579163853048245,0.02007395176954512","-0.12440330096618336,0.312327687080048","-0.04110516457064301,-0.13186854745249096"
0.6199999999999866,"-0.551392738719968,1.8675510923671264","-0.47185899532296016,0.7750778726660809","-0.19807850922231884,0.011117690146271144","-0.1292969670808827,0.3134160722144326","-0.039820564344652525,-0.13064989008776645"
0.6299999999999863,"-0.560910211679929,1.8830535597333666","-0.4758736479980564,0.7751233683120128","-0.2007326337548136,0.002274782296596153","-0.1341668050467063,0.3144048128988508","-0.03864530792924156,-0.12941254272243408"
0.6399999999999861,"-0.5705091893324802,1.8985534357678548","-0.47994888262755253,0.7749938017244193","-0.20376173147480608,-0.006478329379672067","-0.13900706670834945,0.31529810350942833","-0.037579665314625595,-0.12815252272689975"
0.6499999999999859,"-0.5801910368234505,1.9140472456665751","-0.4840923745485182,0.7746904949360098","-0.20717459604828398,-0.015165339420473392","-0.1438120297582293,0.3161003702490133","-0.03662410767251814,-0.12686558077990095"
0.6599999999999857,"-0.5899572767697678,1.929531531504548","-0.48831199731586866,0.7742142918986422","-0.21098113836752141,-0.023810151868382142","-0.14857599337381786,0.31681627319762057","-0.03577931678575841,-0.1255471714032202"
0.6699999999999855,"-0.5998095936888763,1.9450028425599317","-0.4926158459554226,0.7735655527691835","-0.21519243197769836,-0.03243695647293797","-0.1532932729268208,0.3174507086123335","-0.03504619489803994,-0.12419242053443517"
0.6799999999999853,"-0.6097498389123817,1.9604577254918594","-0.4970122611752688,0.7727441465963828","-0.21982076099230796,-0.0410703086400326","-0.15795819370435196,0.31800881148821186","-0.03442587499666154,-0.12279608980218931"
0.6899999999999851,"-0.6197800360040656,1.975892714338519","-0.5015098545841958,0.7717494423329848","-0.22487967044635143,-0.049735213169896896","-0.16256508357410193,0.3184959583879637","-0.03391973156171535,-0.12135253714925881"
0.6999999999999849,"-0.6299023867033157,1.9913043203004204","-0.506117534962504,0.7705802980950665","-0.23038401891540733,-0.058457211895919986","-0.16710826451634792,0.3189177705430883","-0.033529391780468716,-0.11985567338774458"
0.7099999999999846,"-0.6401192774158354,2.0066890212722064","-0.5108445356259859,0.7692350485893031","-0.23635003317409625,-0.0672624752881673","-0.17158204293576335,0.31928011722378585","-0.03325674722680074,-0.1182989142438973"
0.7199999999999844,"-0.6504332862741649,2.0220432510847433","-0.5157004429164735,0.7677114906268497","-0.24279536452438202,-0.07617789812266819","-0.17598069865497404,0.31958911936808787","-0.033103965969112276,-0.11667512738698842"
0.7299999999999842,"-0.6608471907910193,2.037363388417574","-0.5206952258427181,0.7660068666415406","-0.24973914631222846,-0.08523119926545822","-0.1802984724798594,0.3198511534528649","-0.033073505056957886,-0.11497657389377146"
0.739999999999984,"-0.6713639761286622,2.0526457453401714","-0.5258392668821443,0.764117846129865","-0.2572020519713117,-0.09445102558377752","-0.18452955221365855,0.3200728555799038","-0.03316812330804087,-0.1131948435326946"
0.7499999999999838,"-0.6819868440074026,2.0678865554387804","-0.5311433939370241,0.7620405049304494","-0.2652063527439885,-0.10386705997078378","-0.1886680569825577,0.3202611257390248","-0.03339089427027772,-0.1113207831960475"
0.7599999999999836,"-0.6927192222757406,2.083081961484047","-0.5366189134168998,0.7597703022633284","-0.27377597399378584,-0.11351013335604627","-0.19270801972015558,0.32042313219691304","-0.033745219205468274,-0.10934441773841361"
0.7699999999999834,"-0.7035647751635695,2.098228002593103","-0.5422776443914455,0.7573020554527892","-0.28293654872728535,-0.12341234052696254","-0.1966433676412896,0.3205663159442844","-0.0342348398674854,-0.10725486240588437"
0.7799999999999832,"-0.7145274142380457,2.1133206008383962","-0.5481319537238066,0.7546299122646731","-0.292715466618053,-0.1336071594058002","-0.20046790051784896,0.32069839511515147","-0.03486385080276656,-0.10504022597035033"
0.7899999999999829,"-0.7256113100790836,2.128355547254363","-0.5541947920518976,0.7517473207983393","-0.30314191640454824,-0.14412957331669463","-0.20417526654970264,0.32082736926929145","-0.035636710800871184,-0.10268750360236353"
0.7999999999999827,"-0.7368209046877405,2.143328487192124","-0.5604797304328477,0.7486469968880464","-0.31424691904750757,-0.15501619551464554","-0.20775893560359804,0.3209615234021566","-0.03655825304836342,-0.10018245843371697"
0.8099999999999825,"-0.7481609246357822,2.15823490497184","-0.5670009974020844,0.7453208889857912","-0.3260633484618343,-0.16630539511276146","-0.2112121695705174,0.3211094315145135","-0.0376336933755656,-0.09750949069444746"
0.8199999999999823,"-0.7596363949582031,2.173070107782346","-0.5737735161210423,0.7417601405253158","-0.3386259359478972,-0.1780374230237656","-0.21452798957037073,0.3212799595364137","-0.038868635924989604,-0.09465149321929468"
0.8299999999999821,"-0.7712526537820753,2.1878292087782754","-0.5808129411936092,0.7379550497964661","-0.3519712536283403,-0.19025453644248758","-0.21769913970835397,0.3214822673549993","-0.04026907528386964,-0.09158969206591147"
0.8399999999999819,"-0.7830153676744558,2.202507109326343","-0.5881356946190242,0.7338950274033768","-0.36613767127075125,-0.20300111965446693","-0.22071804706469883,0.3217258096430039","-0.04184139402709958,-0.08830347092920508"
0.8499999999999817,"-0.7949305476787317,2.217098480354984","-0.5957590002137985,0.7295685514320365","-0.38116527973871384,-0.21632379856701367","-0.22357677757609684,0.3220203351222002","-0.04359235430333408,-0.08477017800226112"
0.8599999999999814,"-0.807004565992222,2.231597742765344","-0.6037009156745148,0.7249631205180253","-0.3970957730358157,-0.23027154570056058","-0.22626698744475607,0.3223758838225772","-0.04552908179953564,-0.08096491394063449"
0.8699999999999812,"-0.8192441732174771,2.2459990468671167","-0.6119803612627527,0.7200652050886303","-0.41397227941189474,-0.24489577146974725","-0.22877986969203784,0.3228027818119708","-0.04765904011504597,-0.07686029962225664"
0.879999999999981,"-0.8316565160948362,2.2602962508101876","-0.6206171438679521,0.7148601971535373","-0.4318391302599722,-0.2602503967546474","-0.2311060954576705,0.3233116327698183","-0.04998999311945431,-0.07242622249230113"
0.8899999999999808,"-0.844249155593639,2.2744828979930025","-0.6296319749401421,0.7093323591407451","-0.45074155360950047,-0.2763919006396124","-0.2332357496355343,0.32391330566130266","-0.052529952394044246,-0.06762956047787978"
0.8999999999999806,"-0.8570300852031445,2.2885521934414634","-0.6390464804752773,0.7034647724230546","-0.47072527675676,-0.29337933588452586","-0.23515826043576496,0.32461891763127854","-0.05528710630046138,-0.06243388271690702"
0.9099999999999804,"-0.8700077492207051,2.3024969791686254","-0.6488832008780299,0.6972392863580844","-0.49183602013762656,-0.3112743032485112","-0.23686232247296662,0.32543981107940206","-0.05826972655260522,-0.05679912678623401"
0.9199999999999802,"-0.8831910607829776,2.3163097085461644","-0.6591655781136228,0.6906364688769614","-0.5141188617796444,-0.33014087405615006","-0.23833581300654127,0.3263875236957034","-0.06148604742802084,-0.050681252690208164"
0.92999999999998,"-0.896589419324746,2.3299824197442867","-0.669917927088421,0.6836355599061158","-0.537617448739914,-0.35004544854227687","-0.23956570100582217,0.32747375002754825","-0.06494411187909659,-0.04403187470531705"
0.9399999999999797,"-0.9102127270780173,2.3435067083283045","-0.681165387663564,0.676214429200892","-0.5623730287571546,-0.3710565352611927","-0.24053794878783202,0.3287102929118845","-0.06865157789012657,-0.036797873252720006"
0.9499999999999795,"-0.9240714041401366,2.3568736991384696","-0.6929338531059661,0.6683495405082418","-0.5884232721201028,-0.39324443463251163","-0.24123740608501698,0.3301090028392954","-0.07261547732076035,-0.02892099042925816"
0.9599999999999793,"-0.9381764015424774,2.370074017625823","-0.7052498701170388,0.6600159243676752","-0.6158008505536307,-0.41668080702832866","-0.24164769655621787,0.3316817030178739","-0.0768419183969149,-0.020337414694793096"
0.9699999999999791,"-0.9525392116395853,2.3830977608718724","-0.7181405048553965,0.651187162302467","-0.6445317369178857,-0.4414381032604096","-0.24175109696632732,0.3334400975749779","-0.0813357217776932,-0.010977362598610266"
0.9799999999999789,"-0.9671718750115242,2.395934468584883","-0.7316331685969497,0.6418353856505354","-0.6746331870776633,-0.4675888325965764","-0.2415284095437421,0.3353956599763212","-0.08609997895375221,-0.0007646684511982873"
0.9899999999999787,"-0.9820869829289263,2.408573094441539","-0.7457553958701016,0.6319312928327957","-0.7061113636575931,-0.4952046408869898","-0.24095882839587796,0.3375594983585064","-0.09113552058860144,0.0103836034287649"
0.9999999999999785,"-0.9972976742708194,2.421001978230535","-0.7605345670946533,0.6214441894498197","-0.738958561227586,-0.524355169148797","-0.24001980134053522,0.3399421940721434","-0.09644028144558471,0.022557504659702"
1.0099999999999782,"-1.012817625610403,2.4332088193549994","-0.7759975669791762,0.6103420562232085","-0.7731499942261439,-0.5551066613305605","-0.23868688911611352,0.34255360933062207","-0.10200854787308201,0.035854482186540984"
1.019999999999978,"-1.0286610329954244,2.4451806523637565","-0.7921703692510788,0.5985916504378379","-0.8086401135951278,-0.5875202892685273","-0.23693362469022441,0.3454026594747426","-0.10783007368223237,0.05037955979182879"
1.0299999999999778,"-1.0448425837510664,2.4569038253070548","-0.8090775377821001,0.586158647164929","-0.8453584265510696,-0.6216501636454439","-0.23473137631812058,0.3484970450233883","-0.11388905084725218,0.06624538276418111"
1.0399999999999776,"-1.0613774164296783,2.4683639818493504","-0.8267416339305941,0.5730078271147636","-0.8832048074246976,-0.6575410025082724","-0.2320492191345313,0.35184293842420566","-0.12016292318865195,0.08357207804353911"
1.0499999999999774,"-1.0782810668312113,2.4795460482178533","-0.8451825200766491,0.5591033184251534","-0.9220443073027473,-0.6952254344805108","-0.2288538214161802,0.35544462029652674","-0.12662103439271102,0.10248687252331629"
1.0599999999999772,"-1.0955693978319154,2.4904342262172636","-0.8644165500352033,0.5444088999705277","-0.9617014979277166,-0.7347209227312863","-0.22510935324553658,0.35930406003897447","-0.1332231070094068,0.12312340186055148"
1.069999999999977,"-1.113258510601505,2.501011993692916","-0.8844556384794794,0.5288883737826047","-1.0019544222138004,-0.7760263093961491","-0.22077742714361484,0.3634204360387396","-0.13991755681301113,0.1456206316574433"
1.0799999999999768,"-1.1313646346796595,2.5112621139690456","-0.9053062039077237,0.512506013806485","-1.0425282714122137,-0.8191179988059849","-0.2158170823139117,0.3677895914721779","-0.14663965798992032,0.17012130293469724"
1.0899999999999765,"-1.1499039943450695,2.5211666559159984","-0.9269679832704995,0.49522709734763953","-1.0830889681387907,-0.8639458229422751","-0.21018482641595654,0.3724034229473193","-0.15330958942319264,0.19676980556736937"
1.0999999999999763,"-1.1688926487726916,2.5307070263972276","-0.9494327213811128,0.4770185240614578","-1.1232369055306675,-0.9104286643090866","-0.20383475119966135,0.3772492011464888","-0.1598304115658062,0.22570937828428178"
1.1099999999999761,"-1.188346303670227,2.539864016898416","-0.9726827448767665,0.45784952505942206","-1.162501174782684,-0.9584499501017857","-0.19671874077070145,0.38230882533105937","-0.16608604739837107,0.2570785339337584"
1.119999999999976,"-1.2082800924492099,2.5486178661288204","-0.9966894389491451,0.43769246152022484","-1.2003347036189271,-1.007853176959861","-0.18878679355427427,0.3875580172209688","-0.17193936967008208,0.291006616425806"
1.1299999999999757,"-1.2287083255570015,2.556948340288854","-1.0214116553895805,0.4165237080016863","-1.2361108220217645,-1.0584376759269274","-0.17998748094690567,0.392965464495553","-0.17723052963440314,0.32760841396463347"
1.1399999999999755,"-1.2496442074092875,2.5648348324967585","-1.046794092614294,0.3943246103952155","-1.2691218612356778,-1.1099548803235397","-0.17026856688005906,0.39849193007830475","-0.18177569831136026,0.3669777849192562"
1.1499999999999753,"-1.2710995214482452,2.5722564825405203","-1.0727657019478882,0.3710825021880823","-1.2985804666797147,-1.162105410356659","-0.15957781267571824,0.4040893504956147","-0.185366427716277,0.40918030107650416"
1.159999999999975,"-1.293084285227612,2.579192317651386","-1.0992381889683498,0.3467917555432854","-1.3236243510230759,-1.2145373322398467","-0.1478639901837964,0.4096999548597256","-0.18776987258117545,0.45424498045509304"
1.1699999999999748,"-1.315606379092245,2.5856214143709684","-1.1261046932316425,0.3214548359791236","-1.343325213164639,-1.266845978208088","-0.1350781227365814,0.41525544518660296","-0.18873013796528815,0.5021552697239883"
1.1799999999999746,"-1.3386711539504232,2.5915230808029115","-1.1532387429089062,0.2950833215971671","-1.3567024838631814,-1.3185757190978271","-0.12117496739820134,0.42067628838807525","-0.1879710280405615,0.5528395436473149"
1.1899999999999744,"-1.3622810257730495,2.596877057613554","-1.1804935911313192,0.26769884053211895","-1.3627424111206583,-1.3692240532524071","-0.10611474284263776,0.4258711797021145","-0.18520045891158243,0.6061615122113482"
1.1999999999999742,"-1.3864350666972938,2.60166373510156","-1.207702046212207,0.23933387440028736","-1.3604227540443812,-1.4182483065915794","-0.08986509460901673,0.43073674561053765","-0.18011675552273693,0.6619110574309314"
1.209999999999974,"-1.4111286048240792,2.6058643825405414","-1.2346769063392788,0.21003237194907992","-1.3487430063535928,-1.4650751225603713","-0.07240327335332311,0.4351575602508307","-0.17241697265395564,0.7197961492254804"
1.2199999999999738,"-1.4363528468011395,2.609461384877017","-1.2612120988530127,0.179850116823786","-1.3267596256866907,-1.509112756264697","-0.05371848230345226,0.4390065515690352","-0.16180725812956545,0.779436596620114"
1.2299999999999736,"-1.4623785216911511,2.612472828728842","-1.3012837445005763,0.15057219259123875","-1.3267596256866907,-1.4638962116273622","-0.034125052990387476,0.447028838417754","-0.195920053486652,0.877713469058907"
1.2399999999999733,"-1.4883959630994654,2.614786591685237","-1.300872070415719,0.11568814781974084","0.020583704242861097,-1.7442022385748954","-0.012423854106853488,0.4405622992660771","0.2335188608172394,1.1311605489633358"
1.2499999999999731,"-1.5143656286201228,2.6164287321773063","-1.2984832760328717,0.08210702460348884","0.11943971914235797,-1.6790561608125996","0.00913462486506085,0.43319809379890606","0.25024057939247424,1.1504035608708596"
1.259999999999973,"-1.5402469423877247,2.6174266727151325","-1.294065688380092,0.0498970268913131","0.220879382638992,-1.610499885608787","0.03043040364957353,0.42490581531163885","0.26838559134503936,1.1652776641648006"
1.2699999999999727,"-1.5659988833093317,2.617808977739766","-1.2875970460803516,0.01911525123167772","0.3234321149870107,-1.539088782981769","0.0513428355743267,0.4156713457649648","0.2875814450774985,1.1755733290745283"
1.2799999999999725,"-1.59158056924783,2.6176051128847053","-1.2790842969249148,-0.010193242753041848","0.4256374577718537,-1.4654246992359785","0.0717530005170939,0.4054970923722095","0.3074377339319529,1.1811726754033394"
1.2899999999999723,"-1.6169518189331131,2.6168451939992607","-1.2685624842641516,-0.03799594427223195","0.5260906330381564,-1.3901350759595053","0.09154609164190537,0.3944017287253494","0.32755906096485926,1.1820515950192392"
1.299999999999972,"-1.6420736752746181,2.6155597340590573","-1.2560928170752537,-0.06427299701018127","0.6234833594448914,-1.313852636897466","0.11061369015125068,0.38241945626258883","0.34755790332891495,1.1782777813617458"
1.3099999999999719,"-1.6669088764559536,2.6137793954418846","-1.2417600590667726,-0.08901693085863159","0.7166379004240627,-1.237196692422516","0.12885583162592779,0.36959882837202124","0.36706660311477934,1.1700049807169313"
1.3199999999999716,"-1.6914222644379806,2.611534754071806","-1.2256693991013474,-0.11223206850391496","0.8045329982712571,-1.1607568822641683","0.14618278326675677,0.35600120165476307","0.3857478287555909,1.1574640312049211"
1.3299999999999714,"-1.7155811239916579,2.6088560807390526","-1.2079429776838702,-0.1339336666376846","0.8863210708738619,-1.0850799066884824","0.16251647169517,0.34169889519172775","0.40330301866142343,1.1409514339251319"
1.3399999999999712,"-1.7393554488529541,2.605773143598693","-1.188716243064811,-0.15414685701796466","0.9613367309529541,-1.0106595190140022","0.17779152379470833,0.32677314819542513","0.41947851262967717,1.1208162956346523"
1.349999999999971,"-1.7627181348077583,2.602315034539088","-1.168134297740206,-0.17290545298027477","1.0290972662302507,-0.9379297981155061","0.1919559062434056,0.31131196909032577","0.43406927280708174,1.0974464946113505"
1.3599999999999708,"-1.7856451023018454,2.598510020875779","-1.1463483747043575,-0.19025068316544044","1.0892961517924213,-0.867261509258284","0.20497117099209755,0.2954079654544375","0.44692027367993964,1.071254861860376"
1.3699999999999706,"-1.8081153534209062,2.5943854227297467","-1.1235125559530408,-0.206229907301616","1.141790937565844,-0.7989612068087781","0.21681233250006018,0.2791562354878874","0.45792578480048296,1.0426660560490513"
1.3799999999999704,"-1.8301109697518143,2.5899675155294846","-1.0997808165454084,-0.22089536001309512","1.186586970381618,-0.7332726355739557","0.22746741707741328,0.2626523891730642","0.46702687240481205,1.012104662969372"
1.3899999999999701,"-1.8516170587252574,2.58528145635158","-1.0753044486721524,-0.23430295889524072","1.2238183936627975,-0.6703799441072799","0.23693673476084356,0.24599075257123823","0.47420750484210583,0.9799848890754422"
1.39999999999997,"-1.8726216565988942,2.5803512322839075","-1.0502298936818406,-0.24651120338362342","1.2537277495155825,-0.6104122244191355","0.24523192979539202,0.2292627931927257","0.4794896652559227,0.9467020609297918"
1.4099999999999697,"-1.8931155963437214,2.575199628645573","-1.024696987241353,-0.2575801819167334","1.276645322024392,-0.5534489266554974","0.252374867409228,0.21255578930012253","0.48292786010602395,0.9126260012334945"
1.4199999999999695,"-1.9130923484329896,2.5698482147059583","-0.9988376044634099,-0.2675706969807352","1.29296913889715,-0.49952575320009074","0.2583964128000141,0.1959517522881293","0.48460337269537485,0.8780962356288897"
1.4299999999999693,"-1.932547841994968,2.5643173444848086","-0.9727746780989246,-0.2765435110574734","1.3031463182242653,-0.44864070383690996","0.2633351538792895,0.17952659955240227","0.4846185558718677,0.8434188964199615"
1.439999999999969,"-1.9514802730656622,2.5586261702580537","-0.9466215535347131,-0.2845587113377423","1.307656228210575,-0.40076001401344463","0.26723611315253515,0.16334956584379973","0.4830913957727013,0.8088651297236393"
1.4499999999999689,"-1.9698899058427928,2.5527926665131377","-0.9204816388565227,-0.29167518724580255","1.3069957339095217,-0.3558237954030122","0.27014948690040463,0.14748283408617602","0.48015051554483035,0.7746707789029111"
1.4599999999999687,"-1.987778871962557,2.546833662268856","-0.8944483059882173,-0.2979502122140735","1.301666643415267,-0.3137512484135469","0.27212944222370616,0.13198136190420406","0.47593072941111,0.7410371051061924"
1.4699999999999684,"-2.0051509719466383,2.5407648798775955","-0.8686049992040608,-0.303439119563035","1.2921653392078294,-0.2744453674480767","0.27323299504019005,0.11689287742096624","0.4705692063604772,0.7081323106467212"
1.4799999999999682,"-2.022011482135844,2.5346009786458974","-0.8430255094602945,-0.30819506158491766","1.2789744871883115,-0.2377971010941327","0.2735189851577898,0.10225801692368526","0.4642022607869288,0.6760936478670497"
1.489999999999968,"-2.0383669696638838,2.5283556018296345","-0.8177743764019751,-0.31226884081313755","1.2625566529159686,-0.20368896141099574","0.27304715835013027,0.08811057740846184","0.45696275500099814,0.6450299205991492"
1.4999999999999678,"-2.0542251173451107,2.5220414257735437","-0.79290738406135,-0.3157088028045368","1.2433496170312555,-0.1719980995699614","0.27187736006423274,0.07447785845655892","0.4489780751442722,0.6150242138169764"
1.5099999999999676,"-2.069594559760445,2.5156702101649904","-0.7684721207667206,-0.3185607804276629","1.2217631647314704,-0.14259888115630442","0.2700688410473059,0.061381070044765666","0.44036862675635813,0.5861367164958001"
1.5199999999999674,"-2.0844847313268087,2.5092528485548016","-0.7445085783181816,-0.3208680805094349","1.1981771224269457,-0.11536500408859962","0.2676796717678087,0.04883578547776919","0.4312467875893567,0.5584075312080362"
1.5299999999999672,"-2.0989057267235594,2.5027994184616564","-0.7210497698375389,-0.32267150465726563","1.17294042403214,-0.09017120739153611","0.26476625995906355,0.03685242142170497","0.42171625202569246,0.5318593899857128"
1.539999999999967,"-2.112868173717947,2.496319230520322","-0.6981223497193677,-0.3240093970667078","1.1463710059085583,-0.0668946204721101","0.2613829638333082,0.02543672984045528","0.41187170214644725,0.5065002189148908"
1.5499999999999667,"-2.126383118172222,2.4898208762583027","-0.6757472227137504,-0.3249177131009725","1.1187563502808655,-0.04541580171323372","0.2575817923895746,0.014590289357130578","0.4017987440477858,0.4823255132523647"
1.5599999999999665,"-2.1394619208186425,2.4833122741913156","-0.6539401323210354,-0.32543010334936573","1.0903545196357507,-0.025619512419663492","0.2534121836544244,0.00431098609448861","0.39157405330851736,0.45932050074922176"
1.5699999999999663,"-2.152116165246049,2.4768007140169015","-0.632712221370334,-0.3255780087207092","1.0613955475350703,-0.007395268567173306","0.24892085154051233,-0.005406523667839781","0.3812656798624014,0.43746208336676135"
1.579999999999966,"-2.164357576444137,2.47029289875912","-0.6120705599043933,-0.32539076288905067","1.0320830732970323,0.009362291582926563","0.2441516921819857,-0.014570374671441805","0.37093346924939224,0.41672055720084655"
1.5899999999999659,"-2.1761979491909282,2.4637949847774494","-0.5920186373395562,-0.32489569908355387","1.0025961282418574,0.024753190274841047","0.2391457410204338,-0.023191081618153597","0.36062956388794865,0.3970611174053832"
1.5999999999999657,"-2.187649085537949,2.4573126196014563","-0.5725568173510405,-0.3241182587996486","0.9730909994257836,0.0388720141952611","0.23394117249408944,-0.03128115834446033","0.35039895432611384,0.3784451598176724"
1.6099999999999655,"-2.198722740639893,2.4508509775912244","-0.553682755097201,-0.32308210051159514","0.9437031126919738,0.05180791440267624","0.22857333486504355,-0.03885476851344095","0.34028005620107593,0.36083139411006254"
1.6199999999999652,"-2.2094305761856274,2.444414793453365","-0.5353917772867246,-0.3218092068929716","0.9145488905238205,0.06364468093117652","0.22307481345471458,-0.04592740814937093","0.3303052937670482,0.3441767850674203"
1.629999999999965,"-2.219784120710707,2.438008393665206","-0.5176772262539744,-0.32031998940793593","0.8857275516375145,0.0744608742517816","0.21747551630885903,-0.052515619591030724","0.32050167528430257,0.32843733933471786"
1.6399999999999648,"-2.2297947361042763,2.4316357258765313","-0.5005307696784629,-0.3186333894337415","0.8573228287755732,0.08432999870972464","0.21180277705162634,-0.05863673587255366","0.31089134936440704,0.3135687548863054"
1.6499999999999646,"-2.2394735896623166,2.425300386370206","-0.48394267790202156,-0.3167669753162675","0.829404588822067,0.09332070587369642","0.20608147039350364,-0.06430865412573102","0.30149213447809886,0.29952694993043383"
1.6599999999999644,"-2.2488316310821346,2.4190056456710236","-0.46790207099088943,-0.31473703495911953","0.8020303455566041,0.10149701785739958","0.20033413641706638,-0.0695496363123926","0.2923180164321938,0.2862684869334638"
1.6699999999999642,"-2.257879573837882,2.412754472396942","-0.45239713778737267,-0.3125586637040751","0.775246660175838,0.10891856275222232","0.19458111036891595,-0.07437813541405029","0.2833796106648726,0.2737509063047967"
1.679999999999964,"-2.2666278804222673,2.4065495554492173","-0.43741532921926046,-0.3102458473862301","0.7490904284056116,0.11564081589224849","0.18884065523241433,-0.07881264510928218","0.27468458782785493,0.2619329829481802"
1.6899999999999638,"-2.275086750984316,2.4003933246383036","-0.4229435281024462,-0.30781154054568927","0.7235900558407143,0.12171534202704339","0.1831290948423705,-0.08287157093911794","0.26623806238136655,0.25077491752696573"
1.6999999999999635,"-2.283266114936309,2.394287969841262","-0.4089681975996535,-0.3052677398521024","0.6987665251396324,0.12719003467934226","0.17746094573135454,-0.08657312098075907","0.258042944842292,0.24023847298312928"
1.7099999999999633,"-2.2911756251442497,2.388235458784153","-0.39547551039702256,-0.3026255528554204","0.674634360131548,0.13210934983409983","0.17184904627041717,-0.0899352141085387","0.25010025901103794,0.23028706554917835"
1.7199999999999631,"-2.298824654355071,2.3822375535397997","-0.38245146054108464,-0.2998952622176876","0.6512024927968968,0.1365145318866421","0.16630468198862364,-0.09297540400664457","0.2424094259576069,0.22088581830713894"
1.729999999999963,"-2.3062222935500216,2.376295825827613","-0.3698819597475111,-0.2970863856093362","0.6284750396786771,0.14044383041756878","0.1608377062298119,-0.09571081720215682","0.23496851686723458,0.2120015842624967"
1.7399999999999627,"-2.3133773519471923,2.370411671198149","-0.3577529198585411,-0.29420773147319096","0.6064519944485004,0.1439327068072625","0.1554566555370995,-0.09815810350275977","0.22777447698280745,0.20360294489074213"
1.7499999999999625,"-2.3202983584069687,2.3645863221807266","-0.3460503229888101,-0.2912674508711225","0.585129843486548,0.14701403010342254","0.15016885934897564,-0.10033339734542905","0.2208233229929677,0.19566018923031636"
1.7599999999999623,"-2.3269935640222985,2.358820860468064","-0.3347602807665082,-0.28827308563312654","0.5645021111150957,0.14971826189979726","0.14498054375136812,-0.1022522886856934","0.21411031617329948,0.1881452778263117"
1.769999999999962,"-2.333470945701246,2.35311622820747","-0.3238690839473512,-0.28523161302972033","0.5445598409578505,0.15207363017031017","0.13989692916083993,-0.10392980217946961","0.20763011356335906,0.18103179511931558"
1.7799999999999618,"-2.3397382105723907,2.3474732384637447","-0.313363243557242,-0.2821494871862421","0.5252920195054601,0.15410629217391097","0.13492232192012538,-0.10538038352812594","0.20137689933633193,0.17429489327144285"
1.7899999999999616,"-2.345802801064467,2.3418925849147194","-0.30322952460381863,-0.2790326774512648","0.5066859476711689,0.1558404867488656","0.1300601998709621,-0.10661789197019075","0.19534449842783005,0.16791122992957325"
1.7999999999999614,"-2.3516719005302877,2.336374850836228","-0.29345497329103026,-0.2758867039245888","0.48872756563941844,0.15729867633380096","0.1253132920352086,-0.10765559800994756","0.18952647431980976,0.16185890195109842"
1.8099999999999612,"-2.3573524393017116,2.3309205174293877","-0.28402693857120065,-0.27271667034199465","0.4714017359914801,0.15850167912970806","0.12068365258492576,-0.10850618557279955","0.18391621276827586,0.15611737673950388"
1.819999999999961,"-2.3628511010773057,2.3255299715393285","-0.27493308877969924,-0.2695272945029738","0.4546924895750713,0.15946879195104136","0.116172729319707,-0.10918175786865181","0.1785069930710113,0.15066742255349316"
1.8299999999999608,"-2.3681743295575677,2.3202035128109397","-0.2661614240131104,-0.26632293641942106","0.4385832383294411,0.16021790417763793","0.11178142689512625,-0.10969384632970083","0.1732920483863777,0.14549103881294753"
1.8399999999999606,"-2.3733283352543384,2.3149413603239073","-0.257700284838525,-0.2631076243516395","0.4230569587292712,0.16076560338907794","0.10751016506430118,-0.11005342206539147","0.16826461640312018,0.14057138726509205"
1.8499999999999603,"-2.378319102411386,2.309743658746135","-0.2495383578523778,-0.25988507888860957","0.40809634930735816,0.1611272731514959","0.1033589322041064,-0.11027090934739833","0.16341798159471443,0.13589272463474225"
1.8599999999999601,"-2.383152395982326,2.304610484041772","-0.24166467854701068,-0.25665873521816274","0.3936839652683558,0.1613171835223426","0.09932733440225967,-0.11035620069987827","0.15874551012110574,0.13144033726908239"
1.86999999999996,"-2.387833768620087,2.2995418487672676","-0.23406863188802773,-0.25343176372521037","0.37980233294914817,0.1613485746476173","0.0954146403809889,-0.11031867322761757","0.15424067834389635,0.1272004780854022"
1.8799999999999597,"-2.392368567639216,2.294537706986391","-0.2267399509564759,-0.25020708904382727","0.36643404657759193,0.16123373406915537","0.0916198225291032,-0.11016720586396654","0.1498970958147764,0.12316030612806547"
1.8899999999999595,"-2.396761941918541,2.289597958832752","-0.2196687139662555,-0.24698740768194388","0.3535618495110195,0.16098406809416854","0.08794159430756322,-0.10991019726614126","0.14570852348973987,0.11930782885759128"
1.8999999999999593,"-2.4010188487171,2.2847224547461824","-0.2128453399279277,-0.2437752043284742","0.34116870191638954,0.16061016767348507","0.08437844428469123,-0.10955558412512917","0.14166888784458243,0.1156318472708784"
1.909999999999959,"-2.4051440603810095,2.2799109994073032","-0.20626058319548635,-0.2405727669439739","0.3292378366220678,0.16012186922501573","0.08092866704684151,-0.10911085969234237","0.13777229148223036,0.11212190390191773"
1.9199999999999589,"-2.4091421709230607,2.2751633553927255","-0.19990552710255122,-0.23738220072888103","0.31775280464675726,0.1595283107546432","0.07759039121920515,-0.1085830923563959","0.1340130207353069,0.10876823368634835"
1.9299999999999586,"-2.4130176024603833,2.270479246571601","-0.19377157686613986,-0.23420544105622237","0.3066975118205671,0.1588379836329322","0.07436160481885995,-0.10797894413048312","0.13038555074264083,0.10556171764669454"
1.9399999999999584,"-2.416774611498646,2.265858361262628","-0.18785045191313382,-0.23104426544865","0.29605624765030253,0.15805878037861795","0.0712401781502242,-0.10730468893449914","0.1268845483752063,0.10249383934061207"
1.9499999999999582,"-2.4204172950539107,2.2613003551691495","-0.18213417776322405,-0.22790030467391836","0.28581370749548773,0.15719803873658317","0.0682238844404754,-0.10656623057696114","0.12350487335893644,0.09955664397666722"
1.959999999999958,"-2.4239495966055675,2.2568048541086143","-0.17661507758285,-0.22477505302676085","0.2759550090187037,0.1562625823578757","0.06531041839981326,-0.1057691203595694","0.12024157790987783,0.09674270010292374"
1.9699999999999578,"-2.4273753118757555,2.2523714565514092","-0.17128576350939154,-0.22166987786026418","0.2664657036729218,0.1552587583248334","0.06249741287975546,-0.10491857424312359","0.11708990511429666,0.09404506375210124"
1.9799999999999576,"-2.430698094432339,2.247999735982926","-0.1661391278291748,-0.21858602842415806","0.25733178401083656,0.1541924718053052","0.059782453790279175,-0.10401948952654713","0.11404528631115413,0.09145724493766923"
1.9899999999999574,"-2.4339214611139712,2.24368924310165","-0.16116833408161532,-0.2155246440637927","0.24853968737797513,0.15306921801826842","0.05716309342579282,-0.10307646100281696","0.11110333763623836,0.08897317636744045"
1.9999999999999571,"-2.4370487972769665,2.239439507865079","-0.15636680814976953,-0.21248676182856574","0.24007629659228955,0.15189411176134826","0.054636862338610585,-0.10209379656507175","0.1082598559208742,0.08658718426674704"
2.009999999999957,"-2.4400833618647373,2.23525004139438","-0.15172822938853678,-0.20947332353493975","0.23192893806163775,0.15067191468129917","0.05220127988849644,-0.10107553224475677","0.10551081407335688,0.08429396118806073"
2.019999999999957,"-2.4430282923013995,2.2311203377478583","-0.14724652183312237,-0.20648518232607807","0.22408537777071952,0.14940706044308383","0.049853863586887925,-0.10002544667095906","0.10285235606843778,0.08208854067964054"
2.0299999999999567,"-2.445886609211863,2.2270498755725447","-0.14291584552315548,-0.20352310876568738","0.21653381549834558,0.14810367801953375","0.047592137345294334,-0.09894707494565845","0.1002807916512371,0.07996627372135211"
2.0399999999999565,"-2.448661220971295,2.2230381196425038","-0.13873058797160442,-0.2005877965020434","0.20926287757755266,0.1467656131821999","0.045413638728613065,-0.09784372193522467","0.09779259083537956,0.07792280678972105"
2.0499999999999563,"-2.4513549280873406,2.219084522291822","-0.13468535580227575,-0.1976798675340955","0.202261608466433,0.1453964483973947","0.043315925306149576,-0.09671847498218539","0.09538437827144919,0.07595406147193173"
2.059999999999956,"-2.4539704274188203,2.215188524749625","-0.1307749665740024,-0.194799877109848","0.19551946141366813,0.14399952121237447","0.04129658018505314,-0.09557421604493835","0.09305292756609249,0.07405621550692361"
2.069999999999956,"-2.456510316234971,2.2113495583839358","-0.12699444080751882,-0.19194831828446166","0.18902628832417812,0.14257794126931714","0.03935321680476012,-0.09441363327600757","0.09079515555815972,0.07222568517263853"
2.0799999999999557,"-2.4589770961194684,2.20756704586067","-0.12333899422487005,-0.18912562616328754","0.18277232913243888,0.14113460605870645","0.037483483063294624,-0.09323923205128799","0.08860811665718142,0.07045910891939337"
2.0899999999999554,"-2.4613731767236864,2.2038404022236024","-0.11980403021090306,-0.1863321818533709","0.17674820069834898,0.1396722154958321","0.03568506484141235,-0.09205334546502172","0.08648899721318061,0.06875333216767827"
2.0999999999999552,"-2.4637008793737145,2.2001690359007053","-0.11638513250140482,-0.18356831614485455","0.1709448854749125,0.13819328542581655","0.03395568898388427,-0.09085814430614006","0.08443511000465735,0.06710539318534874"
2.109999999999955,"-2.465962440535756,2.196552349641865","-0.11307805810207804,-0.18083431294202462","0.16535371996633935,0.13670016014149744","0.03229312579285935,-0.0896556465329042","0.08244388882421104,0.06551250997539702"
2.119999999999955,"-2.468160015144548,2.1929897413926156","-0.10987873043959524,-0.17813041246246397","0.15996638312413958,0.1351950239780328","0.03069519108293511,-0.0884477262634312","0.08051288320427351,0.06397206809353743"
2.1299999999999546,"-2.4702956797994458,2.189480605108198","-0.10678323274490452,-0.1754568142208944","0.15477488473453632,0.13367991207847815","0.029159747843432747,-0.08723612230006317","0.07863975328722109,0.06248160933987613"
2.1399999999999544,"-2.472371435832792,2.186024331511925","-0.10378780166729878,-0.1728136798136304","0.14977155388028682,0.1321567203632001","0.027684707549092552,-0.08602244620598647","0.0768222648549781,0.061038821248450524"
2.149999999999954,"-2.4743892122551356,2.1826203088015736","-0.1008888211171901,-0.1702011355175713","0.1449490275054343,0.1306272148029558","0.02626803115700279,-0.08480818995237702","0.07505828451718097,0.05964152733417655"
2.159999999999954,"-2.4763508685818167,2.179267923307228","-0.09808281633404212,-0.16761927471729887","0.14030023915739856,0.12909304001362118","0.0249077298238083,-0.08359473315446622","0.07334577507275995,0.05828767802629686"
2.1699999999999537,"-2.478258197545323,2.1759665601037814","-0.09536644817531875,-0.16506816017232215","0.1358184079361683,0.12755572724883518","0.023601865374230525,-0.08238334991455691","0.07168279104715843,0.056975342248307456"
2.1799999999999535,"-2.4801129276977685,2.1727156035810657","-0.09273650762228204,-0.16254782613577926","0.13149702765183582,0.12601670182714472","0.02234855054929364,-0.0811752152899269","0.07006747439124963,0.05570269959640355"
2.1899999999999533,"-2.48191672590771,2.169514437974361","-0.09018991049705882,-0.1600582803352242","0.12732985626116086,0.1244772900277529","0.021145949059571255,-0.07997141140307572","0.06849805036333773,0.05446803306532875"
2.199999999999953,"-2.483671199755424,2.1663624478578654","-0.08772369238571798,-0.15759950582479984","0.12331090556704229,0.12293872552121873","0.0199922754667401,-0.0787729332112659","0.06697282357922517,0.053269722294602175"
2.209999999999953,"-2.4853778998306577,2.163259018603507","-0.08533500376167838,-0.15517146271792406","0.11943443120197994,0.1214021553437881","0.018885794914394807,-0.0775806939520208","0.06549017422805392,0.05210623728655562"
2.2199999999999527,"-2.4870383219367245,2.1602035368073293","-0.08302110530334621,-0.15277408980887286","0.11569492291660854,0.11986864545256086","0.017824822726975272,-0.07639553028064518","0.06404855445646525,0.050976132561849574"
2.2299999999999525,"-2.488653909204724,2.157195390685519","-0.08077936339997933,-0.15040730609052685","0.11208709516834342,0.11833918591729917","0.01680772389399206,-0.07521820711515026","0.06264648491477806,0.04987804173083598"
2.2399999999999523,"-2.4902260541215178,2.154233970442005","-0.07860724583967738,-0.14807101217568572","0.10860587801509833,0.11681469574205706","0.015832912454964262,-0.07404942220366592","0.06128255145694063,0.04881067243754937"
2.249999999999952,"-2.491756100474983,2.1513186686094405","-0.07650231767327184,-0.1457650916282246","0.10524640832027635,0.11529602737305665","0.014898850798992704,-0.07288981042860013","0.059955401995800704,0.04777280165970677"
2.259999999999952,"-2.493245345219943,2.14844888036523","-0.07446223724799039,-0.14348941221051717","0.10200402126407296,0.1137839708853704","0.014004048891459366,-0.0717399478614835","0.05866374350243601,0.04676327132768735"
2.2699999999999516,"-2.4946950402680357,2.1456240038241843","-0.07248475240464454,-0.14124382705229646","0.09887424216729229,0.11227925791103623","0.01314706343911089,-0.0706003555815145","0.057406339154001514,0.04578098425316148"
2.2799999999999514,"-2.4961063942046855,2.1428434403092558","-0.07056769683248786,-0.13902817574642198","0.09585277860783414,0.1107825652937236","0.012326497003685424,-0.06947150327058844","0.05618200561215319,0.044824900333792383"
2.289999999999951,"-2.497480573936202,2.140106594601725","-0.06870898657581641,-0.1368422853765393","0.09293551283357249,0.10929451849413326","0.011540997073130535,-0.06835381259695045","0.0549896104315384,0.04389403301495475"
2.299999999999951,"-2.4988187062699247,2.137412875172111","-0.06690661668613589,-0.134685971480699","0.09011849448402637,0.10781569479201561","0.010789255098427396,-0.06724766039875092","0.05382806960612659,0.042987445998347876"
2.3099999999999508,"-2.5001218794302202,2.1347616943930023","-0.06515865801478592,-0.13255903895543691","0.08739793356749809,0.10634662626310515","0.010070005503487451,-0.0661533816787534","0.05269634521951799,0.042104250170972975"
2.3199999999999505,"-2.5013911445130153,2.13215246873492","-0.06346325413974663,-0.130461282904123","0.08477019375196426,0.10488780256569495","0.009382024674274753,-0.06507127242044387","0.05159344322938824,0.041243600738866536"
2.3299999999999503,"-2.502627516881456,2.1295846189462586","-0.061818618422014006,-0.12839248943306356","0.0822317858866314,0.10343967355297261","0.008724129933278247,-0.06400159223563742","0.0505184113435562,0.040404694559734305"
2.33999999999995,"-2.5038319775051665,2.1270575702182812","-0.06022303118554194,-0.126352436398866","0.07977936182360314,0.10200265170987771","0.008095178504085102,-0.06294456685289614","0.04947033701940489,0.0395867676471432"
2.34999999999995,"-2.505005474245493,2.124570752336083","-0.05867483701631132,-0.12434089410991912","0.07740970846153103,0.10057711444734423","0.007494066470908206,-0.06190039045579266","0.04844834554974458,0.03878909284903452"
2.3599999999999497,"-2.5061489230889924,2.1221235998163785","-0.057172442174995036,-0.122357625985225","0.07511974206581434,0.09916340623470582","0.006919727736746583,-0.060869227879493254","0.04745159825755274,0.03801097767065678"
2.3699999999999495,"-2.507263209331375,2.1197155520329187","-0.0557143121191266,-0.12040238917298883","0.07290650279342166,0.09776184061180838","0.006371132984036263,-0.059851216673789856","0.04647929076761849,0.03725176224981454"
2.3799999999999493,"-2.508349188713969,2.117346053330286","-0.05429896912968782,-0.11847493513163267","0.07076714947193928,0.09637270206780858","0.005847288640638607,-0.05884646904014859","0.04553065137660372,0.036510817459557775"
2.389999999999949,"-2.5094076885147234,2.1150145531267763","-0.05292499003772536,-0.11657501017549025","0.06869895459812284,0.0949962478071204","0.0053472358538942414,-0.0578550736499834","0.04460493950573824,0.03578754313623443"
2.399999999999949,"-2.510439508595666,2.112720506007028","-0.05159100404712717,-0.11470235598740285","0.06669929952990925,0.09363270940437005","0.004870049475256017,-0.056877097351122397","0.043701444222082206,0.03508136642411372"
2.4099999999999486,"-2.5114454224086464,2.110463371805024","-0.05029569064901972,-0.11285671010021245","0.06476566990537279,0.09228229435952012","0.0044148370573438836,-0.05591258676880845","0.04281948284609414,0.034391740225143554"
2.4199999999999484,"-2.512426177961131,2.1082426156780403","-0.049037777624239325,-0.11103780634918638","0.06289565123901981,0.09094518755130335","0.003980737865317928,-0.054961569807515355","0.04195839961925296,0.03371814174802167"
2.429999999999948,"-2.5133824987437223,2.106057708172104","-0.047816039129562,-0.10924537529681182","0.061086924733866295,0.08962155261872841","0.003566921903877414,-0.054024057059093036","0.04111756445534361,0.03306007115285364"
2.439999999999948,"-2.5143150846210203,2.1039081252794616","-0.046629293864888996,-0.10747914463211793","0.05933726323365017,0.08831153323469451","0.003172588961427729,-0.053100043123130644","0.04029637173071536,0.03241705027770807"
2.4499999999999478,"-2.5152246126873585,2.1017933484885516","-0.045476403316923646,-0.1057388395455055","0.05764452739826727,0.08701525433062085","0.0027969676721263524,-0.052189507844211155","0.03949423916481947,0.0317886214500092"
2.4599999999999476,"-2.5161117380888967,2.0997128648269334","-0.044356270076908844,-0.10402418308090698","0.056006662000740094,0.08573282322992627","0.002439314597011879,-0.05129241747133374","0.038710606732220446,0.03117434637118289"
2.4699999999999473,"-2.5169770948134698,2.0976661668975995","-0.04326783622865511,-0.10233489646669054","0.054421692412686504,0.08446433071082164","0.0020989133246557853,-0.050408725743963205","0.0379449356432749,0.030573805066472743"
2.479999999999947,"-2.517821296449548,2.0956527529090776","-0.04221008180390784,-0.1006706994261022","0.05288772123736396,0.08320985202941786","0.0017750735920151815,-0.04953837490890704","0.037196707377586284,0.02998659490892909"
2.489999999999947,"-2.518644936915596,2.0936721266996985","-0.04118202330239968,-0.09903131046894449","0.05140292507540787,0.08196944785788501","0.0014671304259449372,-0.04868129667238957","0.036465422755207734,0.029412329696261914"
2.4999999999999467,"-2.5194485911610625,2.091723797756392","-0.04018271227331434,-0.09741644716532315","0.04996555145426715,0.08074316518106711","0.0011744433055144582,-0.0478374130909441","0.03575060106859834,0.028850638786368163"
2.5099999999999465,"-2.5202328158401834,2.0898072812283415","-0.03921123395605332,-0.09582582640252772","0.048573915863050945,0.07953103813977119","0.0008963953455731919,-0.04700663740495173","0.03505177924360353,0.02830116628860202"
2.5199999999999463,"-2.520998149959724,2.0879220979358206","-0.03826670597703186,-0.0942591646260511","0.047226398951072675,0.07833308882383107","0.0006323925013619683,-0.04618887481805627","0.034368511060102795,0.027763570299251666"
2.529999999999946,"-2.5217451155017407,2.086067774374507","-0.03734827710084221,-0.09271617806567778","0.04592144380948282,0.07714932801866624","0.00038186279453447197,-0.0453840232259432","0.03370036639160221,0.027237522187572964"
2.539999999999946,"-2.5224742180223956,2.084243842715557","-0.03645512603273345,-0.09119658294749665","0.04465755340543785,0.07597975590905622","0.00014425556023922278,-0.04459197389731543","0.033046930500417356,0.026722705920309214"
2.5499999999999456,"-2.523185947227807,2.0824498408017074","-0.035586460270572676,-0.08970009569248323","0.04343328810803881,0.0748243627506715","-8.095928464454916e-05,-0.04381261211000929","0.032407803359164856,0.026218817431678074"
2.5599999999999454,"-2.523880777527889,2.080685312139651","-0.03474151500410464,-0.08822643310282925","0.04224726332340149,0.07368312948269831","-0.00029429195237073904,-0.0430458177451005","0.03178259900322097,0.025725564022919815"
2.569999999999945,"-2.5245591685690756,2.078949805888932","-0.03391955205932748,-0.08677531253593318","0.041098147238858095,0.07255602834480371","-0.0004962334744240311,-0.042291465841220933","0.03117094492528951,0.02524266381034953"
2.579999999999945,"-2.5252215657467945,2.0772428768475772","-0.03311985888595049,-0.08534645206775014","0.03998465866884964,0.07144302340915186","-0.0006872563713135638,-0.0415494271118364","0.03057248149325309,0.024769845186957084"
2.589999999999945,"-2.5258684006985246,2.075564085434673","-0.03234174758649557,-0.0839395706452041","0.03890556497274597,0.07034407112730184","-0.0008678153020105183,-0.04081956842755207","0.029986861393306544,0.024306846334103356"
2.5999999999999446,"-2.5265000917782188,2.0739129976700954","-0.03158455398471081,-0.08255438822887733","0.03785968008923813,0.06925912081633892","-0.0010383476936892749,-0.04010175326562689","0.029413749108892374,0.0238534147470344"
2.6099999999999444,"-2.527117044512858,2.0722891851515732","-0.030847636731956854,-0.08119062592611363","0.03684586263769769,0.06818811513818526","-0.0011992743518891048,-0.039395842128669","0.02885282041934884,0.02340930679710455"
2.619999999999944,"-2.527719652041854,2.070692225029267","-0.03013037644980514,-0.0798480061153167","0.035863014107585564,0.06713099053984639","-0.0013510000515641952,-0.03870169293445112","0.028303761923979924,0.022974287313590528"
2.629999999999944,"-2.528308295539997,2.069121699978031","-0.02943217490713655,-0.07852625256179079","0.03491007713342964,0.06608767767629592","-0.001493914109446907,-0.038019161378518775","0.027766270594418982,0.022548129190573776"
2.6399999999999437,"-2.5288833446246115,2.0675771981675157","-0.028752454230748393,-0.07722509052576844","0.03398603381940785,0.06505810180111679","-0.0016283909379463406,-0.03734810127149251","0.027240053334253105,0.022130613015891136"
2.6499999999999435,"-2.529445157747559,2.0660583132302612","-0.028090656147361545,-0.0759442468627248","0.0330899041693423,0.06404218315218202","-0.0017547905812237833,-0.036688364852288304","0.026724826580246844,0.021721526722212975"
2.6599999999999433,"-2.529994082572684,2.064564644227926","-0.0274462412562588,-0.07468345011675938","0.03222074455513739,0.06303983729827134","-0.0018734592336811214,-0.03603980307906412","0.02622031590450503,0.021320665254759858"
2.669999999999943,"-2.530530456339302,2.0630957956157836","-0.02681868833089266,-0.07344243060712002","0.03137764626830685,0.06205097548196742","-0.001984729741386308,-0.0354022658990508","0.025726255647543366,0.020927830260365064"
2.679999999999943,"-2.531054606212269,2.061651377205612","-0.02620749364834653,-0.07222092050858826","0.030559734127306566,0.06107550492658826","-0.002088922086877128,-0.03477560249874405","0.02524238856259014,0.020542829788077113"
2.6899999999999427,"-2.5315668496191805,2.0602310041271","-0.025612170345582667,-0.07101865392560186","0.029766165138193097,0.060113329149320334","-0.002186343857642019,-0.034159661535561534","0.024768465477752622,0.02016547801493574"
2.6999999999999424,"-2.5320674945752017,2.058834296787881","-0.025032247801063275,-0.06983536696094571","0.02899612722596962,0.05916434823280723","-0.0022772906989202654,-0.03355429135220739","0.024304244976884798,0.01979559497584233"
2.7099999999999422,"-2.532556839996021,2.057460880832304","-0.024467271040975756,-0.06867079777884973","0.028248838004375977,0.05822845910479923","-0.002362046751037987,-0.03295934017477242","0.02384949309156569,0.019433006318010093"
2.719999999999942,"-2.5330351759993976,2.056110387099041","-0.023916800168822052,-0.06752468666313854","0.027523543607685233,0.05730555578555944","-0.0024408850718608053,-0.0323746562956497","0.023403983009575014,0.019077543060956735"
2.729999999999942,"-2.5335027841957447,2.0547824515776294","-0.02338040981735514,-0.06639677607058196","0.026819517573345646,0.05639552962782911","-0.00251406804477916,-0.03180008824217184","0.022967494798842778,0.018729041370981803"
2.7399999999999416,"-2.533959937968189,2.053476715364038","-0.02285768862221782,-0.06528681067957011","0.026136059756866,0.0554982695505924","-0.002581847772499493,-0.031235484931931738","0.022539815137661453,0.018387342351822444"
2.7499999999999414,"-2.534406902742508,2.0521928246153456","-0.02234823871594446,-0.06419453743462174","0.025472495313668058,0.05461366224741833","-0.0026444664572886534,-0.030680695815577332","0.02212073706620902,0.01805229183864294"
2.759999999999941,"-2.534843936247346,2.0509304305036116","-0.02185167524187923,-0.06311970558670088","0.02482817370326134,0.05374159239604293","-0.002702156767863082,-0.030135571007934705","0.021710059741098183,0.017723740209816406"
2.769999999999941,"-2.5352712887650837,2.049689189169014","-0.021367625886894753,-0.06206206672987511","0.024202467749223817,0.05288194284128862","-0.002755142193507053,-0.029599961408219133","0.02130758820572378,0.01740154220089553"
2.7799999999999407,"-2.5356892033737295,2.0484687616723347","-0.020895730432291038,-0.0610213748339682","0.023594772730185853,0.05203459479534531","-0.0028036373856448974,-0.02907371880990269","0.02091313317183398,0.01708555673874682"
2.7899999999999405,"-2.5360979161801693,2.04726881394685","-0.020435640322006662,-0.05999738627424889","0.023004505514218777,0.05119942798596605","-0.002847848487462801,-0.028556696001160068","0.020526510806181408,0.01677564676860277"
2.7999999999999403,"-2.5364976565451203,2.0460890167497023","-0.01998701824754693,-0.058989859857374344","0.022431103722986557,0.05037632084372688","-0.0028879734517304714,-0.02804874685621794","0.020147542532376342,0.016471679107241018"
2.80999999999994,"-2.5368886473000978,2.0449290456128097","-0.0195495377488601,-0.057998556844630324","0.021874024934341568,0.049565150637201065","-0.002924202347392117,-0.02754972641847094","0.019776054835727024,0.016173524288010072"
2.81999999999994,"-2.5372711049567065,2.0437885807933704","-0.019122882830442417,-0.0570232409719592","0.021332745920884126,0.04876579363355606","-0.0029567176551910292,-0.02705949097565294","0.019411879084576877,0.01588105642458917"
2.8299999999999397,"-2.537645239908552,2.042667307224021","-0.018706747592275134,-0.056063678467470665","0.02080676190836415,0.04797812522442682","-0.0029856945526903086,-0.02657789812785388","0.019054851348526376,0.015594153073789505"
2.8399999999999395,"-2.538011256626046,2.0415649144626964","-0.018300835874700584,-0.055119638066236466","0.02029558587872753,0.04720202006171015","-0.0030113011890925264,-0.026104806848638994","0.018704812235352322,0.015312695108896442"
2.8499999999999392,"-2.5383693538443826,2.040481096642246","-0.01790486091681569,-0.054190891022518096","0.019798747894244708,0.04643735218591826","-0.0030336989501352557,-0.025640077539783635","0.018361606731129538,0.015036566600064333"
2.859999999999939,"-2.5387197247449422,2.0394155524198485","-0.01751854502798606,-0.0532772111198739","0.019315794441481376,0.04568399513220998","-0.0030530427133903886,-0.025183572080218482","0.018025084040248874,0.014765654696112455"
2.869999999999939,"-2.5390625571303724,2.038367984926269","-0.017141619271513375,-0.05237837467897184","0.018846287823634286,0.04494182204510284","-0.0030694810944120014,-0.024735153869318127","0.017695097446625185,0.014499849513906744"
2.8799999999999386,"-2.5393980335935815,2.037338101715006","-0.016773823160456034,-0.05149416056315774","0.018389805552867018,0.044210705790704984","-0.0030831566838258402,-0.024294687865070445","0.01737150416852983,0.014239044037737859"
2.8899999999999384,"-2.5397263316808774,2.0363256147113575","-0.016414904364784634,-0.05062435018242367","0.017945939783570137,0.043490519036703576","-0.003094206275904111,-0.023862040617542678","0.017054165223247764,0.01398313401187487"
2.899999999999938,"-2.540047624049468,2.0353302401614544","-0.016064618429549773,-0.04976872749515654","0.017514296761743008,0.04278113436335655","-0.0031027610887245332,-0.02343708029777144","0.016742945300761203,0.013732017851497061"
2.909999999999938,"-2.5403620786195393,2.0343516985812853","-0.015722728503566208,-0.048927079008448136","0.017094496299178225,0.0420824243354202","-0.003108946976353132,-0.023019676722605582","0.01643771263778112,0.01348559654571369"
2.9199999999999378,"-2.5406698587211047,2.0333897147057565","-0.01538900507826605,-0.048099193776445746","0.01668617126500792,0.04139426160011954","-0.003112884633179282,-0.02260970137560532","0.016138338900923817,0.013243773576091938"
2.9299999999999375,"-2.540971123235829,2.0324440174378076","-0.015063225736200194,-0.04728486339745025","0.016288967103292785,0.040716518949774905","-0.0031146897908388683,-0.02220702742444305","0.015844699071963196,0.013006454827511312"
2.9399999999999373,"-2.541266026734006,2.03151433979762","-0.014745174908865538,-0.04648388200937724","0.0159025413667328,0.0400490694036506","-0.0031144734078695055,-0.021811529734921245","0.015556671340627003,0.012773548511457797"
2.949999999999937,"-2.541554719606878,2.030600418871943","-0.014434643643609952,-0.04569604628384159","0.01552656326277928,0.03939178627678219","-0.0031123418523359243,-0.021423084881956725","0.015274136996876362,0.012544965090640584"
2.959999999999937,"-2.5418373481944587,2.0297019957635616","-0.01413142937901975,-0.04492115541907634","0.01516071322951008,0.03874454323826266","-0.0031083970777941567,-0.021041571157712477","0.014996980332561026,0.012320617202897153"
2.9699999999999367,"-2.542114054909029,2.028818815540932","-0.013835335728516827,-0.04415901113148735","0.014804682525146218,0.038107214379449576","-0.003102736792751342,-0.020666868577017553","0.014725088548023627,0.012100419593513219"
2.9799999999999365,"-2.5423849783544714,2.02795062718801","-0.013546172272115851,-0.04340941764609193","0.014458172820048762,0.037479674269771036","-0.0030954546237744853,-0.02029885888044035","0.014458351653471544,0.01188428904950089"
2.9899999999999363,"-2.542650253441582,2.0270971835542904","-0.013263754355523051,-0.04267218168597771","0.01412089582964006,0.03686179800571081","-0.0030866402726886363,-0.019937425535031913","0.014196662386897527,0.011672144331805401"
2.999999999999936,"-2.542910011499518,2.0262582413050763","-0.012987902896799774,-0.04194711246070743","0.013792572936163768,0.03625346126351393","-0.003076379667842207,-0.019582453733063547","0.013939916122921827,0.011463906116483347"
3.009999999999936,"-2.5431643803835167,2.0254335608720027","-0.012718444199946008,-0.041234021653681986","0.013472934842688305,0.035654540351272176","-0.0030647551097823583,-0.01923383038876813","0.01368801079507203,0.011259496936652702"
3.0199999999999356,"-2.5434134845790224,2.0246229064038275","-0.01245520977527979,-0.04053272340875943","0.013161721233310943,0.03506491224612802","-0.0030518454115284095,-0.018891444133378024","0.01344084681487538,0.011058841123829653"
3.0299999999999354,"-2.543657445302346,2.023826045717509","-0.012198036166190907,-0.03984303431591903","0.012858680454444141,0.03448445464201966","-0.0030377260336488096,-0.018555185308448553","0.013198327000893224,0.010861864755026669"
3.039999999999935,"-2.5438963805979955,2.023042750249582","-0.011946764782467291,-0.039164773396367356","0.012563569186180826,0.033913045977583975","-0.0030224692142177376,-0.01822494595789416","0.012960356495177919,0.010668495599443438"
3.049999999999935,"-2.5441304054327807,2.02227279500785","-0.011701241739251599,-0.038497762086590115","0.01227615216078464,0.03335056548886209","-0.003006144094004959,-0.017900619818401665","0.012726842706737124,0.010478663071502648"
3.0599999999999348,"-2.544359631786821,2.0215159585234077","-0.011461317702024836,-0.037841824222106496","0.011996201861338117,0.03279689322418095","-0.0029888168369637397,-0.017582102308826418","0.012497695233750914,0.010292298178266678"
3.0699999999999346,"-2.544584168741562,2.0207720228030026","-0.011226847737046559,-0.037196786020256126","0.011723498248913847,0.032251910092518425","-0.0029705507461834134,-0.01726929051829771","0.012272825804794912,0.010109333478552746"
3.0799999999999343,"-2.5448041225649045,2.0200407732817496","-0.010997691167127632,-0.03656247606265122","0.01145782849594631,0.03171549788024509","-0.0029514063755518073,-0.01696208319337409","0.012052148214227199,0.009929703034297094"
3.089999999999934,"-2.5450195967935576,2.0193219987762077","-0.01077371143266115,-0.03593872527709548","0.011198986723324101,0.031187539277787026","-0.00293144163718642,-0.016660380724311866","0.011835578258782327,0.00975334236877501"
3.099999999999934,"-2.545230692312704,2.0186154914378345","-0.010554775957316244,-0.03532536691865968","0.010946773767245295,0.03066791792179029","-0.002910711904875212,-0.016364085130258534","0.01162303369063264,0.00958018842947376"
3.1099999999999337,"-2.545437507433082,2.017921046706817","-0.01034075601889084,-0.034722236550881275","0.0107009969212702,0.03015651838892025","-0.0028892701135889193,-0.016073100044044268","0.011414434144833658,0.009410179541601412"
3.1199999999999335,"-2.545640137965568,2.0172384632662976","-0.01013152662430645,-0.03412917202595953","0.010461469729219465,0.0296532262460869","-0.0028671668553055915,-0.015787330695918086","0.011209701102986127,0.00924325537689199"
3.1299999999999333,"-2.5458386772933554,2.0165675429969974","-0.009926966389365072,-0.033546013465012646","0.010228011747068938,0.029157928047344513","-0.0028444504711768333,-0.015506683896969726","0.01100875782711752,0.0090793569119604"
3.139999999999933,"-2.5460332164418054,2.0159080909322444","-0.0097269574224993,-0.03297260323765274","0.010000448343288561,0.02867051136799528","-0.0028211671402509834,-0.015231068021799417","0.010811529319451896,0.008918426396861604"
3.149999999999933,"-2.5462238441460583,2.015259915213414","-0.009531385212639689,-0.03240878594152375","0.009778610492980629,0.028190864806449466","-0.002797360964891915,-0.014960392990821731","0.010617942270131263,0.008760407316466119"
3.1599999999999326,"-2.546410646916481,2.0146228270457875","-0.009340138521149722,-0.03185440838131839","0.00956233457449829,0.027718878010268188","-0.0027730740528721914,-0.014694570252126437","0.01042792500902676,0.008605244362705827"
3.1699999999999324,"-2.5465937091020283,2.0139966406548346","-0.009153109277357192,-0.031309319547646305","0.009351462189626562,0.02725444168360419","-0.0027483465964569143,-0.014433512762941145","0.010241407464434676,0.008452883399580524"
3.179999999999932,"-2.5467731129515827,2.013381173242921","-0.00897019247773153,-0.03077337059566664","0.009145839981283061,0.0267974475989831","-0.002723216948494235,-0.01417713497078261","0.01005832111933795,0.008303271432678689"
3.189999999999932,"-2.546948938673357,2.0127762449464517","-0.008791286088707155,-0.030246414823484946","0.008945319451218748,0.026347788609084658","-0.002697721695564286,-0.013925352794389181","0.00987859896576086,0.008156356581237192"
3.199999999999932,"-2.5471212644924126,2.0121816787934446","-0.008616290952780742,-0.02972830765035167","0.008749756796320632,0.025905358656663765","-0.002671895728391082,-0.013678083604386737","0.009702175466944282,0.008012088049144342"
3.2099999999999316,"-2.5472901667063663,2.01159730066155","-0.008445110697684033,-0.029218906594736648","0.008559012754835517,0.02547005278075116","-0.0026457723096589398,-0.013435246203716535","0.009528986522353051,0.007870416095452349"
3.2199999999999314,"-2.547455719739348,2.0110229392365047","-0.008277651649078604,-0.028718071252254763","0.008372952430271407,0.025041767124094186","-0.002619383139099983,-0.013196760808073273","0.009358969419177215,0.007731292010967776"
3.229999999999931,"-2.5476179961942638,2.0104584259710356","-0.008113822745805323,-0.028225663273455215","0.00819144516366401,0.02462039893997751","-0.0025927584162814443,-0.012962549026044795","0.009192062808179607,0.0075946680893367235"
3.239999999999931,"-2.547777066903431,2.009903595044205","-0.00795353545835813,-0.027741546341536343","0.008014364372359695,0.024205846595943527","-0.00256592690088613,-0.01273253383931245","0.009028206659246182,0.0074604976042357335"
3.2499999999999307,"-2.5479330009776313,2.009358283321207","-0.007796703710011701,-0.02726558614988688","0.007841587417321483,0.02379800958247327","-0.002538915970732904,-0.012506639582715943","0.00886734223183481,0.007328734785841175"
3.2599999999999305,"-2.5480858658536434,2.008822330313611","-0.007643243800603,-0.02679765037981317","0.007672995470435024,0.02339678850368543","-0.00251175167765214,-0.012284791924368437","0.008709412040266915,0.007199334792988147"
3.2699999999999303,"-2.5482357273403036,2.008295578140054","-0.007493074333016314,-0.0263376086778448","0.007508473379334316,0.023002085098418584","-0.0024844588011122986,-0.012066917845692584","0.008554359822498603,0.0070722536979349986"
3.27999999999993,"-2.5483826496631456,2.0077778714873844","-0.0073461161420989365,-0.02588533263348662","0.007347909545868862,0.022613802217908832","-0.0024570608999215865,-0.011852945621621811","0.008402130505984364,0.0069474484558480504"
3.28999999999993,"-2.5485266955076638,2.007269057572257","-0.007202292225908309,-0.025440695756363162","0.00719119580953136,0.022231843856173016","-0.0024295803618643204,-0.011642804800617844","0.008252670185752882,0.006824876893237835"
3.2999999999999297,"-2.5486679260612517,2.0067689861031774","-0.007061527679389812,-0.025003573453983054","0.0070382273259248585,0.021856115119005433","-0.0024020384515220927,-0.011436426185016137","0.008105926085894236,0.006704497677691396"
3.3099999999999294,"-2.5488064010538576,2.0062775092429956","-0.006923749630286793,-0.02457384300908185","0.006888902455150964,0.021486522245060074","-0.002374455356178225,-0.011233741811309303","0.007961846535917125,0.006586270305445637"
3.3199999999999292,"-2.5489421787974,2.005794481571852","-0.006788887177109213,-0.02415138355718806","0.0067431226588789694,0.02112297259468943","-0.0023468502300399677,-0.01103468493056413","0.007820380943989697,0.006470155078005775"
3.329999999999929,"-2.549075316223983,2.0053197600505692","-0.006656871329185717,-0.023736076064139567","0.006600792396174847,0.02076537465242477","-0.0023192412367452494,-0.010839189988931259","0.007681479771188005,0.006356113085019619"
3.339999999999929,"-2.5492058689229604,2.0048532039844944","-0.006527634948848717,-0.023327803303736457","0.006461819016849978,0.02041363802015541","-0.002291645590205006,-0.01064719260837182","0.007545094501382233,0.006244106185692422"
3.3499999999999286,"-2.5493338911768677,2.0043946749877857","-0.006401112695380479,-0.02292644983544349","0.006326112673411855,0.020067673414648463","-0.0022640795939388456,-0.01045862956745813","0.007411177621043909,0.006134096990074336"
3.3599999999999284,"-2.5494594359962877,2.003944036948146","-0.006277240970993013,-0.022531901981980903","0.006193586219373334,0.019727392673129406","-0.0022365586787938905,-0.010273438782340466","0.007279682592321055,0.006026048846453291"
3.369999999999928,"-2.5495825551536537,2.0035011559919984","-0.006155957868296117,-0.02214404780737411","0.006064155134844774,0.01939270873033968","-0.0022090974394060633,-0.010091559287886576","0.007150563834006247,0.005919925815917602"
3.379999999999928,"-2.5497032992160533,2.0030659004501032","-0.00603720311997287,-0.02176277709476775","0.005937737416162378,0.019063535630317922","-0.002181709669007893,-0.009912931219082589","0.007023776689260501,0.005815692665541194"
3.3899999999999277,"-2.5498217175770432,2.0026381408236165","-0.005920918049496816,-0.021387981324338962","0.005814253523802688,0.01873978852143944","-0.0021544083931318197,-0.009737495792363816","0.006899277420578253,0.005713314847815003"
3.3999999999999275,"-2.549937858487528,2.0022177497505838","-0.005807045524255019,-0.02101955365163228","0.005693626262089876,0.018421383635334","-0.0021272059017722836,-0.009565195287573172","0.006777023163506101,0.005612758486288617"
3.4099999999999273,"-2.5500517690857145,2.00180460197287","-0.005695529909315972,-0.020657388885683744","0.005575780746952341,0.018108238297426915","-0.002100113780583491,-0.0093959730296366","0.006656971933878932,0.0055139903592307206"
3.419999999999927,"-2.550163495426184,2.0013985743035225","-0.005586317023479359,-0.020301383467380585","0.005460644291830647,0.01780027091515782","-0.0020731429405945515,-0.00922977337080562","0.006539082585176797,0.005416977889438861"
3.429999999999927,"-2.5502730825081086,2.000999545594562","-0.005479354096218703,-0.019951435448006993","0.005348146363032817,0.017497400968679692","-0.0020463036469936754,-0.009066541672904344","0.006423314803306727,0.0053216891249418"
3.4399999999999267,"-2.550380574302637,2.0006073967052043","-0.005374589726434608,-0.019607444467901428","0.005238218489204759,0.01719954900527824","-0.0020196055466327393,-0.008906224289956055","0.0063096290764886875,0.005228092729053382"
3.4499999999999265,"-2.550486013779482,2.0002220104705013","-0.00527197384222491,-0.019269311735151194","0.005130794210484899,0.016906636637511727","-0.0019930576945656094,-0.008748768550859352","0.006197986686745979,0.005136157966313005"
