{
    "COM": "COM8",
    "BR": 38400,
    "PERIOD_COMS": 0.25,
    "PERIOD_VISION": 0.01,
    "LARGO_AUTO": 10,
    "RANGE": [10, 50, 80],
    "C1_INICIAL": "red",
    "C2_INICIAL": "blue",
    "C3_INICIAL": "green",
    "COLOR_HSV": {"blue": [110, 190, 155],
                  "red": [7, 220, 155],
                  "yellow": [25, 170, 145],
                  "green": [65, 180, 155]},
    "MESSAGE": "{motor1},{motor2};",
    "MAIN_WINDOW": "Observador",
    "PROGRAM_WINDOW": "Vista foaclizada",
    "MW_X": 0,
    "MW_Y": 100,
    "PW_X": 640,
    "PW_Y": 100,
    "epsilon": 20,
    "MAX_TURN": 80,
    "MAX_VEL": 230,
    "MIN_VEL": 150,
    "DIST_REF": 20,
    "PIX_REF": 150,
    "KP": 1.2,
    "KI": 2.0,
    "KD": 0.002

}